ZipCode,EstimatedCombinedRate
90001,0.1025
90002,0.1025
90003,0.095
90004,0.095
90005,0.095
90006,0.095
90007,0.095
90008,0.095
90009,0.1
90010,0.095
90011,0.095
90012,0.095
90013,0.095
90014,0.095
90015,0.095
90016,0.1025
90017,0.095
90018,0.095
90019,0.095
90020,0.095
90021,0.095
90022,0.1025
90023,0.1025
90024,0.095
90025,0.1025
90026,0.095
90027,0.095
90028,0.1025
90029,0.095
90030,0.095
90031,0.095
90032,0.1025
90033,0.095
90034,0.1025
90035,0.095
90036,0.095
90037,0.095
90038,0.1025
90039,0.095
90040,0.1025
90041,0.1025
90042,0.1025
90043,0.1
90044,0.1025
90045,0.1025
90046,0.1025
90047,0.1025
90048,0.1025
90049,0.1025
90050,0.095
90051,0.095
90052,0.095
90053,0.095
90054,0.095
90055,0.095
90056,0.1
90057,0.095
90058,0.1025
90059,0.1025
90060,0.095
90061,0.095
90062,0.095
90063,0.1025
90064,0.1025
90065,0.1025
90066,0.1025
90067,0.095
90068,0.1025
90069,0.1025
90070,0.095
90071,0.095
90072,0.095
90073,0.095
90074,0.095
90075,0.095
90076,0.095
90077,0.095
90078,0.095
90079,0.095
90080,0.095
90081,0.095
90082,0.095
90083,0.095
90084,0.095
90086,0.095
90087,0.095
90088,0.095
90089,0.095
90091,0.1025
90093,0.095
90094,0.095
90095,0.095
90096,0.095
90099,0.095
90134,0.095
90189,0.095
90201,0.1025
90202,0.1025
90209,0.095
90210,0.1025
90211,0.095
90212,0.095
90213,0.095
90220,0.1025
90221,0.1025
90222,0.1025
90223,0.1025
90224,0.1025
90230,0.1025
90231,0.1025
90232,0.1025
90239,0.1
90240,0.1
90241,0.1025
90242,0.1025
90245,0.1025
90247,0.1025
90248,0.1025
90249,0.1025
90250,0.1025
90251,0.1025
90254,0.095
90255,0.1025
90260,0.1025
90261,0.095
90262,0.1025
90263,0.095
90264,0.1
90265,0.1
90266,0.095
90267,0.095
90270,0.1025
90272,0.095
90274,0.1025
90275,0.095
90277,0.1
90278,0.1025
90280,0.1025
90290,0.095
90291,0.1025
90292,0.1025
90293,0.095
90294,0.095
90295,0.095
90296,0.095
90301,0.1
90302,0.1
90303,0.1025
90304,0.1025
90305,0.1
90306,0.1
90307,0.1
90308,0.1
90309,0.1
90310,0.1
90311,0.1
90312,0.1
90401,0.1025
90402,0.1025
90403,0.1025
90404,0.1025
90405,0.1025
90406,0.1025
90407,0.1025
90408,0.1025
90409,0.1025
90410,0.1025
90411,0.1025
90501,0.1025
90502,0.1025
90503,0.1025
90504,0.1025
90505,0.1025
90506,0.095
90507,0.1
90508,0.1
90509,0.1
90510,0.1
90601,0.1025
90602,0.1025
90603,0.1025
90604,0.1025
90605,0.105
90606,0.105
90607,0.1025
90608,0.1025
90609,0.1025
90610,0.1025
90620,0.0875
90621,0.095
90622,0.0775
90623,0.095
90624,0.0775
90630,0.1025
90631,0.1025
90632,0.0825
90633,0.0825
90637,0.095
90638,0.105
90639,0.095
90640,0.1025
90650,0.105
90651,0.1025
90652,0.1025
90660,0.1025
90661,0.1025
90662,0.1025
90670,0.105
90671,0.105
90680,0.0875
90701,0.095
90702,0.095
90703,0.105
90704,0.1
90706,0.1025
90707,0.1025
90710,0.1025
90711,0.1025
90712,0.1025
90713,0.1025
90714,0.1025
90715,0.1025
90716,0.1025
90717,0.1025
90720,0.1025
90721,0.0925
90723,0.1025
90731,0.1025
90732,0.095
90733,0.095
90734,0.095
90740,0.0875
90742,0.0775
90743,0.0875
90744,0.1025
90745,0.1025
90746,0.1025
90747,0.1025
90748,0.095
90749,0.1025
90755,0.1025
90801,0.1025
90802,0.1025
90803,0.1025
90804,0.1025
90805,0.1025
90806,0.1025
90807,0.1025
90808,0.1025
90809,0.1025
90810,0.1025
90813,0.1025
90814,0.1025
90815,0.1025
90822,0.1025
90831,0.1025
90832,0.1025
90833,0.1025
90840,0.1025
90842,0.1025
90844,0.1025
90846,0.1025
90847,0.1025
90848,0.1025
90853,0.1025
90895,0.1025
91001,0.1025
91003,0.095
91006,0.1025
91007,0.1025
91008,0.1025
91009,0.1025
91010,0.1025
91011,0.1025
91012,0.095
91016,0.1025
91017,0.1025
91020,0.1025
91021,0.095
91023,0.095
91024,0.1025
91025,0.1025
91030,0.1025
91031,0.1025
91040,0.095
91041,0.095
91042,0.1025
91043,0.095
91046,0.1025
91066,0.1025
91077,0.1025
91101,0.1025
91102,0.1025
91103,0.1025
91104,0.1025
91105,0.1025
91106,0.1025
91107,0.1025
91108,0.1025
91109,0.1025
91110,0.1025
91114,0.1025
91115,0.1025
91116,0.1025
91117,0.1025
91118,0.095
91121,0.1025
91123,0.1025
91124,0.1025
91125,0.1025
91126,0.1025
91129,0.1025
91182,0.1025
91184,0.1025
91185,0.095
91188,0.1025
91189,0.1025
91199,0.1025
91201,0.1025
91202,0.1025
91203,0.1025
91204,0.1025
91205,0.1025
91206,0.1025
91207,0.1025
91208,0.1025
91209,0.1025
91210,0.1025
91214,0.1025
91221,0.1025
91222,0.1025
91224,0.1025
91225,0.1025
91226,0.1025
91301,0.095
91302,0.095
91303,0.095
91304,0.095
91305,0.095
91306,0.095
91307,0.095
91308,0.095
91309,0.095
91310,0.095
91311,0.095
91313,0.095
91316,0.095
91319,0.0725
91320,0.0725
91321,0.095
91322,0.095
91324,0.095
91325,0.095
91326,0.095
91327,0.095
91328,0.095
91329,0.095
91330,0.095
91331,0.095
91333,0.095
91334,0.095
91335,0.095
91337,0.095
91340,0.1025
91341,0.1025
91342,0.1025
91343,0.095
91344,0.095
91345,0.095
91346,0.095
91350,0.095
91351,0.095
91352,0.1025
91353,0.095
91354,0.095
91355,0.095
91356,0.095
91357,0.095
91358,0.0725
91359,0.0725
91360,0.0725
91361,0.095
91362,0.095
91364,0.095
91365,0.095
91367,0.095
91371,0.095
91372,0.095
91376,0.095
91377,0.0725
91380,0.095
91381,0.095
91382,0.095
91383,0.095
91384,0.095
91385,0.095
91386,0.095
91387,0.095
91390,0.095
91392,0.095
91393,0.095
91394,0.095
91395,0.095
91396,0.095
91401,0.095
91402,0.095
91403,0.095
91404,0.095
91405,0.095
91406,0.095
91407,0.095
91408,0.095
91409,0.095
91410,0.095
91411,0.095
91412,0.095
91413,0.095
91416,0.095
91423,0.095
91426,0.095
91436,0.095
91470,0.095
91482,0.095
91495,0.095
91496,0.095
91499,0.095
91501,0.1025
91502,0.1025
91503,0.1025
91504,0.1025
91505,0.1025
91506,0.1025
91507,0.1025
91508,0.1025
91510,0.1025
91521,0.1025
91522,0.1025
91523,0.1025
91526,0.1025
91601,0.095
91602,0.1025
91603,0.095
91604,0.095
91605,0.1025
91606,0.1025
91607,0.095
91608,0.095
91609,0.095
91610,0.095
91611,0.095
91612,0.095
91614,0.095
91615,0.095
91616,0.095
91617,0.095
91618,0.095
91701,0.0775
91702,0.1025
91706,0.1025
91708,0.0775
91709,0.1025
91710,0.1025
91711,0.1025
91714,0.095
91715,0.095
91716,0.095
91722,0.1025
91723,0.1025
91724,0.1025
91729,0.0775
91730,0.0875
91731,0.1
91732,0.1025
91733,0.1025
91734,0.1
91735,0.1
91737,0.0775
91739,0.0875
91740,0.1025
91741,0.1025
91743,0.0875
91744,0.1
91745,0.095
91746,0.1025
91747,0.1
91748,0.095
91749,0.1
91750,0.1025
91752,0.0875
91754,0.1025
91755,0.1025
91756,0.1025
91758,0.0875
91759,0.095
91761,0.0875
91762,0.09
91763,0.095
91764,0.0875
91765,0.1025
91766,0.1025
91767,0.1025
91768,0.1025
91769,0.1025
91770,0.1025
91771,0.095
91772,0.095
91773,0.1025
91775,0.1025
91776,0.1025
91778,0.1025
91780,0.1025
91784,0.0775
91785,0.0775
91786,0.095
91788,0.095
91789,0.1025
91790,0.1025
91791,0.1025
91792,0.095
91793,0.095
91801,0.1025
91802,0.1025
91803,0.1025
91804,0.1025
91896,0.1025
91899,0.1025
91901,0.0775
91902,0.0875
91903,0.0775
91905,0.0775
91906,0.0775
91908,0.0775
91909,0.0875
91910,0.0875
91911,0.0875
91912,0.0875
91913,0.0875
91914,0.0875
91915,0.0875
91916,0.0775
91917,0.0775
91921,0.0875
91931,0.0775
91932,0.0875
91933,0.0875
91934,0.0775
91935,0.0775
91941,0.085
91942,0.085
91943,0.085
91944,0.085
91945,0.0775
91946,0.0775
91948,0.0775
91950,0.0875
91951,0.0875
91962,0.0775
91963,0.0775
91976,0.0775
91977,0.085
91978,0.0775
91979,0.0775
91980,0.0775
91987,0.0775
92003,0.0825
92004,0.0775
92007,0.0775
92008,0.0775
92009,0.0775
92010,0.0825
92011,0.0775
92013,0.0775
92014,0.0875
92018,0.0775
92019,0.0825
92020,0.085
92021,0.0825
92022,0.0825
92023,0.0775
92024,0.0775
92025,0.0775
92026,0.0775
92027,0.0775
92028,0.0825
92029,0.0775
92030,0.0775
92033,0.0775
92036,0.0775
92037,0.0775
92038,0.0775
92039,0.0775
92040,0.0775
92046,0.0775
92049,0.0825
92051,0.0825
92052,0.0825
92054,0.0825
92055,0.0775
92056,0.0825
92057,0.0825
92058,0.0825
92059,0.0775
92060,0.0775
92061,0.0775
92064,0.0775
92065,0.0775
92066,0.0775
92067,0.0775
92068,0.0825
92069,0.0775
92070,0.0775
92071,0.0825
92072,0.0775
92074,0.0775
92075,0.0875
92078,0.0825
92079,0.0775
92081,0.0825
92082,0.0775
92083,0.0825
92084,0.0825
92085,0.0825
92086,0.0775
92088,0.0775
92091,0.0775
92092,0.0775
92093,0.0775
92096,0.0775
92101,0.0775
92102,0.0775
92103,0.0775
92104,0.0775
92105,0.0775
92106,0.0775
92107,0.0775
92108,0.0775
92109,0.0775
92110,0.0775
92111,0.0775
92112,0.0775
92113,0.0875
92114,0.0875
92115,0.085
92116,0.0775
92117,0.0775
92118,0.0775
92119,0.085
92120,0.085
92121,0.0775
92122,0.0775
92123,0.0775
92124,0.0775
92126,0.0775
92127,0.0775
92128,0.0775
92129,0.0775
92130,0.0775
92131,0.0775
92132,0.0775
92134,0.0775
92135,0.0775
92136,0.0875
92137,0.0775
92138,0.0775
92139,0.0875
92140,0.0775
92142,0.0775
92143,0.0775
92145,0.0775
92147,0.0775
92149,0.0775
92150,0.0775
92152,0.0775
92153,0.0775
92154,0.0875
92155,0.0775
92158,0.0775
92159,0.0775
92160,0.0775
92161,0.0775
92163,0.0775
92165,0.0775
92166,0.0775
92167,0.0775
92168,0.0775
92169,0.0775
92170,0.0775
92171,0.0775
92172,0.0775
92173,0.0775
92174,0.0775
92175,0.0775
92176,0.0775
92177,0.0775
92178,0.0775
92179,0.0775
92182,0.0775
92186,0.0775
92187,0.0775
92191,0.0775
92192,0.0775
92193,0.0775
92195,0.0775
92196,0.0775
92197,0.0775
92198,0.0775
92199,0.0775
92201,0.0875
92202,0.0875
92203,0.0875
92210,0.0875
92211,0.0875
92220,0.0775
92222,0.0775
92223,0.0775
92225,0.0875
92226,0.0875
92227,0.0775
92230,0.0775
92231,0.0825
92232,0.0825
92233,0.0775
92234,0.0925
92235,0.0875
92236,0.0875
92239,0.0775
92240,0.0875
92241,0.0775
92242,0.0775
92243,0.0825
92244,0.0825
92247,0.0875
92248,0.0875
92249,0.0825
92250,0.0775
92251,0.0775
92252,0.0775
92253,0.0875
92254,0.0775
92255,0.0775
92256,0.0775
92257,0.0775
92258,0.0925
92259,0.0775
92260,0.0775
92261,0.0775
92262,0.0925
92263,0.0925
92264,0.0925
92266,0.0775
92267,0.0775
92268,0.0775
92270,0.0875
92273,0.0775
92274,0.0875
92275,0.0775
92276,0.0875
92277,0.0775
92278,0.0775
92280,0.0775
92281,0.0775
92282,0.0925
92283,0.0775
92284,0.0875
92285,0.0775
92286,0.0875
92301,0.095
92304,0.0775
92305,0.0775
92307,0.0775
92308,0.0775
92309,0.0775
92310,0.0775
92311,0.0875
92312,0.0875
92313,0.0875
92314,0.0775
92315,0.0775
92316,0.0875
92317,0.0775
92318,0.0775
92320,0.0775
92321,0.0775
92322,0.0775
92323,0.0775
92324,0.0875
92325,0.0775
92327,0.0775
92328,0.0775
92329,0.0775
92331,0.0775
92332,0.0775
92333,0.0775
92334,0.0775
92335,0.0775
92336,0.0775
92337,0.0775
92338,0.0775
92339,0.0775
92340,0.0775
92341,0.0775
92342,0.0775
92344,0.0775
92345,0.0775
92346,0.0875
92347,0.0775
92350,0.0775
92352,0.0775
92354,0.0875
92356,0.0775
92357,0.0775
92358,0.0775
92359,0.0875
92363,0.0775
92364,0.0775
92365,0.0775
92366,0.0775
92368,0.0875
92369,0.0875
92371,0.0775
92372,0.095
92373,0.0875
92374,0.0875
92375,0.0875
92376,0.0875
92377,0.0775
92378,0.0775
92382,0.0775
92384,0.0775
92385,0.0775
92386,0.0775
92389,0.0775
92391,0.0775
92392,0.0875
92393,0.0875
92394,0.0875
92395,0.0875
92397,0.095
92398,0.0775
92399,0.0775
92401,0.0875
92402,0.0875
92403,0.0875
92404,0.0875
92405,0.0875
92406,0.0875
92407,0.0875
92408,0.0875
92410,0.0875
92411,0.0875
92413,0.0875
92415,0.0875
92418,0.0875
92423,0.0875
92427,0.0875
92501,0.0875
92502,0.0875
92503,0.0875
92504,0.0875
92505,0.0875
92506,0.0875
92507,0.0875
92508,0.0875
92509,0.0875
92513,0.0875
92514,0.0875
92516,0.0875
92517,0.0875
92518,0.0775
92519,0.0775
92521,0.0875
92522,0.0875
92530,0.0875
92531,0.0875
92532,0.0875
92536,0.0775
92539,0.0775
92543,0.0875
92544,0.0875
92545,0.0875
92546,0.0875
92548,0.0775
92549,0.0775
92551,0.0775
92552,0.0775
92553,0.0875
92554,0.0775
92555,0.0775
92556,0.0775
92557,0.0775
92561,0.0925
92562,0.0875
92563,0.0875
92564,0.0875
92567,0.0775
92570,0.0875
92571,0.0875
92572,0.0775
92581,0.0875
92582,0.0875
92583,0.0875
92584,0.0875
92585,0.0875
92586,0.0875
92587,0.0875
92589,0.0875
92590,0.0875
92591,0.0875
92592,0.0875
92593,0.0875
92595,0.0875
92596,0.0875
92599,0.0775
92602,0.0775
92603,0.0775
92604,0.0775
92605,0.0775
92606,0.0775
92607,0.0775
92609,0.0775
92610,0.0775
92612,0.0775
92614,0.0775
92615,0.0775
92616,0.0775
92617,0.0775
92618,0.0775
92619,0.0775
92620,0.0775
92623,0.0775
92624,0.0775
92625,0.0775
92626,0.0925
92627,0.0775
92628,0.0775
92629,0.0775
92630,0.0775
92637,0.0775
92646,0.0875
92647,0.0875
92648,0.0775
92649,0.0875
92650,0.0775
92651,0.0775
92652,0.0775
92653,0.0775
92654,0.0775
92655,0.0875
92656,0.0775
92657,0.0775
92658,0.0775
92659,0.0775
92660,0.0775
92661,0.0775
92662,0.0775
92663,0.0775
92672,0.0775
92673,0.0775
92674,0.0775
92675,0.0775
92676,0.0775
92677,0.0775
92678,0.0775
92679,0.0775
92683,0.0875
92684,0.0875
92685,0.0875
92688,0.0775
92690,0.0775
92691,0.0775
92692,0.0775
92693,0.0775
92694,0.0775
92697,0.0775
92698,0.0775
92701,0.0925
92702,0.0925
92703,0.0925
92704,0.0925
92705,0.0925
92706,0.0925
92707,0.0925
92708,0.0925
92711,0.0925
92712,0.0925
92728,0.0875
92735,0.0925
92780,0.0925
92781,0.0775
92782,0.0775
92799,0.0925
92801,0.0775
92802,0.0875
92803,0.0775
92804,0.0875
92805,0.0775
92806,0.0875
92807,0.0875
92808,0.0775
92809,0.0775
92811,0.0875
92812,0.0775
92814,0.0775
92815,0.0775
92816,0.0775
92817,0.0775
92821,0.095
92822,0.0775
92823,0.0875
92825,0.0775
92831,0.0875
92832,0.0775
92833,0.095
92834,0.0775
92835,0.0825
92836,0.0775
92837,0.0775
92838,0.0775
92840,0.0875
92841,0.0875
92842,0.0875
92843,0.0925
92844,0.0875
92845,0.0875
92846,0.0875
92850,0.0775
92856,0.0775
92857,0.0775
92859,0.0775
92860,0.0875
92861,0.0775
92862,0.0775
92863,0.0775
92864,0.0775
92865,0.0775
92866,0.0925
92867,0.0775
92868,0.0875
92869,0.0775
92870,0.0875
92871,0.0875
92877,0.0875
92878,0.0875
92879,0.0875
92880,0.0875
92881,0.0875
92882,0.0875
92883,0.0875
92885,0.0775
92886,0.0875
92887,0.0775
92899,0.0775
93001,0.0775
93002,0.0775
93003,0.0775
93004,0.0925
93005,0.0775
93006,0.0775
93007,0.0775
93009,0.0775
93010,0.0725
93011,0.0725
93012,0.0725
93013,0.09
93014,0.09
93015,0.0725
93016,0.0725
93020,0.0725
93021,0.0725
93022,0.0725
93023,0.0725
93024,0.0725
93030,0.0925
93031,0.0925
93032,0.0925
93033,0.0925
93034,0.0925
93035,0.0925
93036,0.0925
93040,0.0725
93041,0.0925
93042,0.0725
93043,0.0875
93044,0.0875
93060,0.0825
93061,0.0825
93062,0.0725
93063,0.0725
93064,0.0725
93065,0.0725
93066,0.0725
93067,0.0775
93094,0.0725
93099,0.0725
93101,0.0875
93102,0.0875
93103,0.0875
93105,0.0875
93106,0.0775
93107,0.0875
93108,0.0875
93109,0.0875
93110,0.0875
93111,0.0775
93116,0.0775
93117,0.0875
93118,0.0775
93120,0.0875
93121,0.0875
93130,0.0875
93140,0.0875
93150,0.0775
93160,0.0775
93190,0.0875
93199,0.0775
93201,0.0775
93202,0.0725
93203,0.0825
93204,0.0825
93205,0.0825
93206,0.0825
93207,0.0775
93208,0.0775
93210,0.08975
93212,0.0825
93215,0.0825
93216,0.0825
93218,0.0775
93219,0.0775
93220,0.0825
93221,0.0875
93222,0.0825
93223,0.0875
93224,0.0825
93225,0.0825
93226,0.0825
93227,0.0775
93230,0.07975
93232,0.0725
93234,0.08975
93235,0.0775
93237,0.0775
93238,0.0825
93239,0.0825
93240,0.0825
93241,0.0825
93242,0.07975
93243,0.095
93244,0.0775
93245,0.0725
93246,0.0725
93247,0.0875
93249,0.0825
93250,0.0825
93251,0.0825
93252,0.0825
93254,0.0775
93255,0.0825
93256,0.0775
93257,0.0925
93258,0.0925
93260,0.0775
93261,0.0775
93262,0.0775
93263,0.0825
93265,0.0775
93266,0.0725
93267,0.0775
93268,0.0825
93270,0.0775
93271,0.0775
93272,0.0775
93274,0.0825
93275,0.0825
93276,0.0825
93277,0.085
93278,0.085
93279,0.085
93280,0.0825
93282,0.0775
93283,0.0825
93285,0.0825
93286,0.0875
93287,0.0825
93290,0.085
93291,0.085
93292,0.0875
93301,0.0825
93302,0.0825
93303,0.0825
93304,0.0825
93305,0.0825
93306,0.0825
93307,0.0825
93308,0.0825
93309,0.0825
93311,0.0825
93312,0.0825
93313,0.0825
93314,0.0825
93380,0.0825
93383,0.0825
93384,0.0825
93385,0.0825
93386,0.0825
93387,0.0825
93388,0.0825
93389,0.0825
93390,0.0825
93401,0.0875
93402,0.0725
93403,0.0875
93405,0.0875
93406,0.0875
93407,0.0725
93408,0.0875
93409,0.0875
93410,0.0875
93412,0.0725
93420,0.0875
93421,0.0775
93422,0.0875
93423,0.0875
93424,0.0725
93426,0.0775
93427,0.0775
93428,0.0725
93429,0.0775
93430,0.0725
93432,0.0725
93433,0.0875
93434,0.0875
93435,0.0725
93436,0.0875
93437,0.0875
93438,0.0875
93440,0.0775
93441,0.0775
93442,0.0875
93443,0.0875
93444,0.0725
93445,0.0875
93446,0.0875
93447,0.0875
93448,0.0775
93449,0.0775
93450,0.0775
93451,0.0775
93452,0.0725
93453,0.0725
93454,0.0875
93455,0.0875
93456,0.0875
93457,0.0775
93458,0.0875
93460,0.0775
93461,0.0825
93463,0.0875
93464,0.0875
93465,0.0725
93475,0.0725
93483,0.0875
93501,0.0825
93502,0.0825
93504,0.0725
93505,0.0725
93510,0.095
93512,0.0725
93513,0.0775
93514,0.0875
93515,0.0875
93516,0.0825
93517,0.0725
93518,0.0825
93519,0.0825
93522,0.0775
93523,0.0825
93524,0.0825
93526,0.0775
93527,0.0825
93528,0.0825
93529,0.0725
93530,0.0775
93531,0.0825
93532,0.095
93534,0.1025
93535,0.1025
93536,0.1025
93539,0.1025
93541,0.0725
93542,0.0775
93543,0.1025
93544,0.095
93545,0.0775
93546,0.0775
93549,0.0775
93550,0.1025
93551,0.1025
93552,0.1025
93553,0.095
93554,0.0825
93555,0.0925
93556,0.0925
93558,0.0775
93560,0.095
93561,0.0825
93562,0.0775
93563,0.095
93581,0.0825
93584,0.1025
93586,0.095
93590,0.1025
93591,0.1025
93592,0.0775
93596,0.0825
93599,0.1025
93601,0.0875
93602,0.07975
93603,0.07975
93604,0.0775
93605,0.07975
93606,0.07975
93607,0.07975
93608,0.07975
93609,0.07975
93610,0.0875
93611,0.0835
93612,0.0835
93613,0.07975
93614,0.0775
93615,0.0775
93616,0.07975
93618,0.085
93619,0.0835
93620,0.07975
93621,0.07975
93622,0.07975
93623,0.0875
93624,0.07975
93625,0.08975
93626,0.07975
93627,0.07975
93628,0.07975
93630,0.08975
93631,0.08975
93633,0.0775
93634,0.07975
93635,0.0875
93636,0.0775
93637,0.0825
93638,0.0825
93639,0.0825
93640,0.09225
93641,0.07975
93642,0.07975
93643,0.0775
93644,0.0775
93645,0.0775
93646,0.07975
93647,0.07975
93648,0.08975
93649,0.07975
93650,0.0835
93651,0.07975
93652,0.07975
93653,0.0875
93654,0.09225
93656,0.07975
93657,0.09225
93660,0.07975
93661,0.0775
93662,0.08975
93664,0.07975
93665,0.0775
93666,0.0775
93667,0.07975
93668,0.07975
93669,0.0775
93670,0.0775
93673,0.0775
93675,0.07975
93701,0.0835
93702,0.0835
93703,0.0835
93704,0.0835
93705,0.0835
93706,0.0835
93707,0.0835
93708,0.0835
93709,0.0835
93710,0.0835
93711,0.0835
93712,0.0835
93714,0.0835
93715,0.0835
93716,0.0835
93717,0.0835
93718,0.0835
93720,0.0835
93721,0.0835
93722,0.0835
93723,0.0835
93724,0.0835
93725,0.0835
93726,0.0835
93727,0.0835
93728,0.0835
93729,0.0835
93730,0.0835
93737,0.0835
93740,0.0835
93741,0.0835
93744,0.0835
93745,0.07975
93747,0.0835
93750,0.0835
93755,0.0835
93760,0.0835
93761,0.0835
93764,0.0835
93765,0.0835
93771,0.0835
93772,0.0835
93773,0.0835
93774,0.0835
93775,0.0835
93776,0.0835
93777,0.0835
93778,0.0835
93779,0.0835
93786,0.0835
93790,0.0835
93791,0.0835
93792,0.0835
93793,0.0835
93794,0.0835
93844,0.0835
93888,0.0835
93901,0.0925
93902,0.0925
93905,0.0925
93906,0.0925
93907,0.0925
93908,0.0925
93912,0.0925
93915,0.0925
93920,0.0775
93921,0.0925
93922,0.0775
93923,0.0925
93924,0.0775
93925,0.0775
93926,0.0875
93927,0.095
93928,0.0775
93930,0.0875
93932,0.0775
93933,0.0925
93940,0.0925
93942,0.0925
93943,0.0925
93944,0.0925
93950,0.0925
93953,0.0925
93954,0.0775
93955,0.0925
93960,0.0925
93962,0.0775
94002,0.09875
94005,0.09875
94010,0.09625
94011,0.09625
94014,0.09875
94015,0.09875
94016,0.09875
94017,0.09875
94018,0.09375
94019,0.09375
94020,0.09375
94021,0.09375
94022,0.09125
94023,0.09125
94024,0.09125
94025,0.09875
94026,0.09375
94027,0.09375
94028,0.09375
94030,0.09875
94035,0.09125
94037,0.09375
94038,0.09375
94039,0.09125
94040,0.09125
94041,0.09125
94042,0.09125
94043,0.09125
94044,0.09875
94060,0.09375
94061,0.09875
94062,0.09875
94063,0.09875
94064,0.09875
94065,0.09875
94066,0.09875
94070,0.09875
94074,0.09375
94080,0.09875
94083,0.09875
94085,0.09125
94086,0.09125
94087,0.09125
94088,0.09125
94089,0.09125
94102,0.08625
94103,0.08625
94104,0.08625
94105,0.08625
94107,0.08625
94108,0.08625
94109,0.08625
94110,0.08625
94111,0.08625
94112,0.08625
94114,0.08625
94115,0.08625
94116,0.08625
94117,0.08625
94118,0.08625
94119,0.08625
94120,0.08625
94121,0.08625
94122,0.08625
94123,0.08625
94124,0.08625
94125,0.09375
94126,0.08625
94127,0.08625
94128,0.09875
94129,0.08625
94130,0.08625
94131,0.08625
94132,0.08625
94133,0.08625
94134,0.09875
94137,0.08625
94139,0.08625
94140,0.08625
94141,0.08625
94142,0.08625
94143,0.08625
94144,0.08625
94145,0.08625
94146,0.08625
94147,0.08625
94151,0.08625
94158,0.08625
94159,0.08625
94160,0.08625
94161,0.08625
94163,0.08625
94164,0.08625
94172,0.08625
94177,0.08625
94188,0.08625
94203,0.0875
94204,0.0875
94205,0.0875
94206,0.0875
94207,0.0875
94208,0.0875
94209,0.0875
94211,0.0875
94229,0.0875
94230,0.0875
94232,0.0875
94234,0.0875
94235,0.0875
94236,0.0875
94237,0.0875
94239,0.0875
94240,0.0875
94244,0.0875
94245,0.0875
94247,0.0875
94248,0.0875
94249,0.0875
94250,0.0875
94252,0.0875
94254,0.0875
94256,0.0875
94257,0.0875
94258,0.0875
94259,0.0875
94261,0.0875
94262,0.0875
94263,0.0875
94267,0.0875
94268,0.0875
94269,0.0875
94271,0.0875
94273,0.0875
94274,0.0875
94277,0.0875
94278,0.0875
94279,0.0875
94280,0.0875
94282,0.0875
94283,0.0875
94284,0.0875
94285,0.0875
94287,0.0875
94288,0.0875
94289,0.0875
94290,0.0875
94291,0.0875
94293,0.0875
94294,0.0875
94295,0.0875
94296,0.0875
94297,0.0875
94298,0.0875
94299,0.0875
94301,0.09375
94302,0.09125
94303,0.09875
94304,0.09375
94305,0.09125
94306,0.09125
94309,0.09125
94401,0.09625
94402,0.09625
94403,0.09875
94404,0.09625
94497,0.09625
94501,0.1075
94502,0.1075
94503,0.0925
94505,0.1025
94506,0.0875
94507,0.0925
94508,0.0775
94509,0.0975
94510,0.08375
94511,0.0875
94512,0.07375
94513,0.0975
94514,0.1025
94515,0.085
94516,0.0875
94517,0.0975
94518,0.0975
94519,0.0975
94520,0.0975
94521,0.0975
94522,0.0975
94523,0.0975
94524,0.0975
94525,0.0875
94526,0.0875
94527,0.0975
94528,0.0875
94529,0.0975
94530,0.1075
94531,0.0975
94533,0.08375
94534,0.08375
94535,0.08375
94536,0.1075
94537,0.1025
94538,0.1075
94539,0.1025
94540,0.1075
94541,0.1075
94542,0.1075
94543,0.1075
94544,0.1075
94545,0.1075
94546,0.1075
94547,0.0975
94548,0.0875
94549,0.0975
94550,0.1025
94551,0.1025
94552,0.1075
94553,0.0975
94555,0.1025
94556,0.0975
94557,0.1075
94558,0.085
94559,0.0775
94560,0.1075
94561,0.0875
94562,0.0775
94563,0.1025
94564,0.0975
94565,0.0975
94566,0.1025
94567,0.0775
94568,0.1025
94569,0.0875
94570,0.0975
94571,0.08125
94572,0.0925
94573,0.0775
94574,0.085
94575,0.0975
94576,0.0775
94577,0.1075
94578,0.1075
94579,0.1075
94580,0.1075
94581,0.0775
94582,0.0875
94583,0.1025
94585,0.08375
94586,0.1025
94587,0.1075
94588,0.1075
94589,0.0925
94590,0.0925
94591,0.0925
94592,0.0925
94595,0.0925
94596,0.0925
94597,0.0925
94598,0.0975
94599,0.0775
94601,0.1025
94602,0.1025
94603,0.1075
94604,0.1025
94605,0.1075
94606,0.1025
94607,0.1025
94608,0.105
94609,0.1025
94610,0.1025
94611,0.1025
94612,0.1025
94613,0.1025
94614,0.1025
94615,0.1025
94617,0.1025
94618,0.1025
94619,0.1025
94620,0.1025
94621,0.1025
94622,0.1025
94623,0.1025
94624,0.1025
94649,0.1025
94659,0.1025
94660,0.1025
94661,0.1025
94662,0.105
94666,0.1025
94701,0.1025
94702,0.1025
94703,0.1025
94704,0.1025
94705,0.1025
94706,0.1075
94707,0.1075
94708,0.1025
94709,0.1025
94710,0.1075
94712,0.1025
94720,0.1025
94801,0.0975
94802,0.0975
94803,0.0975
94804,0.1075
94805,0.1025
94806,0.0975
94807,0.0975
94808,0.0975
94820,0.0875
94850,0.0975
94901,0.0925
94903,0.0925
94904,0.0925
94912,0.0925
94913,0.0925
94914,0.0825
94915,0.0925
94920,0.0825
94922,0.085
94923,0.085
94924,0.0825
94925,0.0925
94926,0.095
94927,0.09
94928,0.095
94929,0.0825
94930,0.0925
94931,0.095
94933,0.0825
94937,0.0825
94938,0.0825
94939,0.0925
94940,0.0825
94941,0.09
94942,0.0825
94945,0.085
94946,0.0825
94947,0.085
94948,0.085
94949,0.085
94950,0.0825
94951,0.095
94952,0.095
94953,0.095
94954,0.095
94955,0.095
94956,0.0825
94957,0.0925
94960,0.0925
94963,0.0825
94964,0.0825
94965,0.0925
94966,0.0925
94970,0.0825
94971,0.0825
94972,0.085
94973,0.0825
94974,0.0825
94975,0.095
94976,0.09
94977,0.0925
94978,0.09
94979,0.0925
94998,0.085
94999,0.095
95001,0.09
95002,0.09375
95003,0.09
95004,0.0825
95005,0.09
95006,0.09
95007,0.09
95008,0.09375
95009,0.09375
95010,0.09
95011,0.09375
95012,0.0775
95013,0.09375
95014,0.09375
95015,0.09125
95017,0.09
95018,0.09
95019,0.0975
95020,0.09125
95021,0.09125
95023,0.0925
95024,0.0925
95026,0.09125
95030,0.0925
95031,0.0925
95032,0.09375
95033,0.0925
95035,0.09375
95036,0.09375
95037,0.09375
95038,0.09125
95039,0.0775
95041,0.09
95042,0.09125
95043,0.0825
95044,0.09125
95045,0.09
95046,0.09125
95050,0.09375
95051,0.09375
95052,0.09125
95053,0.09125
95054,0.09125
95055,0.09125
95056,0.09125
95060,0.0975
95061,0.0925
95062,0.0925
95063,0.0925
95064,0.0925
95065,0.0925
95066,0.0975
95067,0.0975
95070,0.09375
95071,0.09125
95073,0.09
95075,0.0825
95076,0.0975
95077,0.0975
95101,0.09375
95103,0.09375
95106,0.09375
95108,0.09375
95109,0.09375
95110,0.09375
95111,0.09375
95112,0.09375
95113,0.09375
95115,0.09375
95116,0.09375
95117,0.09375
95118,0.09375
95119,0.09375
95120,0.09375
95121,0.09375
95122,0.09375
95123,0.09375
95124,0.09375
95125,0.09375
95126,0.09375
95127,0.09375
95128,0.09375
95129,0.09375
95130,0.09375
95131,0.09375
95132,0.09375
95133,0.09375
95134,0.09375
95135,0.09375
95136,0.09375
95138,0.09375
95139,0.09375
95140,0.09125
95141,0.09375
95148,0.09375
95150,0.09375
95151,0.09375
95152,0.09375
95153,0.09375
95154,0.09375
95155,0.09375
95156,0.09375
95157,0.09375
95158,0.09375
95159,0.09375
95160,0.09375
95161,0.09375
95164,0.09375
95170,0.09375
95172,0.09375
95173,0.09375
95190,0.09375
95191,0.09375
95192,0.09375
95193,0.09375
95194,0.09375
95196,0.09375
95201,0.09
95202,0.09
95203,0.09
95204,0.09
95205,0.09
95206,0.09
95207,0.09
95208,0.09
95209,0.09
95210,0.09
95211,0.09
95212,0.09
95213,0.09
95214,0.09
95215,0.09
95219,0.09
95220,0.0775
95221,0.0775
95222,0.0775
95223,0.0725
95224,0.0725
95225,0.0725
95226,0.0725
95227,0.0775
95228,0.0725
95229,0.0725
95230,0.07875
95231,0.09
95232,0.0725
95233,0.0725
95234,0.0775
95236,0.0775
95237,0.0775
95240,0.09
95241,0.0825
95242,0.09
95245,0.0725
95246,0.0725
95247,0.0725
95248,0.0725
95249,0.0725
95251,0.0725
95252,0.0775
95253,0.0775
95254,0.0725
95255,0.0725
95257,0.0725
95258,0.0775
95267,0.09
95269,0.09
95296,0.09
95297,0.09
95301,0.0875
95303,0.0775
95304,0.0825
95305,0.0725
95306,0.0875
95307,0.08875
95309,0.0725
95310,0.0725
95311,0.0875
95312,0.0775
95313,0.07875
95315,0.0775
95316,0.08625
95317,0.0775
95318,0.0875
95319,0.08875
95320,0.0775
95321,0.0875
95322,0.0825
95323,0.07875
95324,0.07875
95325,0.0875
95326,0.08375
95327,0.0725
95328,0.07875
95329,0.0875
95330,0.0875
95333,0.0775
95334,0.0775
95335,0.0725
95336,0.09
95337,0.0875
95338,0.0875
95340,0.0825
95341,0.0825
95343,0.0775
95344,0.0825
95345,0.0875
95346,0.0725
95347,0.0725
95348,0.0825
95350,0.08875
95351,0.08875
95352,0.08875
95353,0.08875
95354,0.08875
95355,0.08875
95356,0.08875
95357,0.08875
95358,0.08875
95360,0.07875
95361,0.08375
95363,0.07875
95364,0.0725
95365,0.0775
95366,0.0825
95367,0.07875
95368,0.08875
95369,0.0875
95370,0.0875
95372,0.0725
95373,0.0725
95374,0.0775
95375,0.0725
95376,0.0825
95377,0.1025
95378,0.0825
95379,0.0725
95380,0.08625
95381,0.08625
95382,0.08625
95383,0.0725
95385,0.07875
95386,0.07875
95387,0.07875
95388,0.0875
95389,0.0875
95391,0.1025
95397,0.08875
95401,0.0925
95402,0.0925
95403,0.0925
95404,0.0925
95405,0.0925
95406,0.0925
95407,0.0925
95409,0.0925
95410,0.07875
95412,0.085
95415,0.07875
95416,0.085
95417,0.07875
95418,0.07875
95419,0.085
95420,0.07875
95421,0.085
95422,0.0875
95423,0.0775
95424,0.0875
95425,0.085
95426,0.0725
95427,0.07875
95428,0.07875
95429,0.07875
95430,0.085
95431,0.085
95432,0.07875
95433,0.085
95435,0.0725
95436,0.085
95437,0.08875
95439,0.085
95441,0.085
95442,0.085
95443,0.0725
95444,0.085
95445,0.07875
95446,0.085
95448,0.09
95449,0.07875
95450,0.085
95451,0.0725
95452,0.085
95453,0.0875
95454,0.07875
95456,0.07875
95457,0.0875
95458,0.0725
95459,0.07875
95460,0.07875
95461,0.085
95462,0.085
95463,0.07875
95464,0.0725
95465,0.085
95466,0.07875
95467,0.0725
95468,0.08375
95469,0.07875
95470,0.07875
95471,0.085
95472,0.0925
95473,0.0925
95476,0.09
95480,0.085
95481,0.07875
95482,0.08875
95485,0.0725
95486,0.085
95487,0.085
95488,0.07875
95490,0.09125
95492,0.085
95493,0.0725
95494,0.07875
95497,0.085
95501,0.0925
95502,0.0925
95503,0.0925
95511,0.0775
95514,0.0775
95518,0.085
95519,0.0775
95521,0.085
95524,0.0925
95525,0.0875
95526,0.0775
95527,0.0725
95528,0.0775
95531,0.0825
95532,0.0825
95534,0.0775
95536,0.085
95537,0.0775
95538,0.0825
95540,0.0875
95542,0.07875
95543,0.0825
95545,0.0775
95546,0.0775
95547,0.0775
95548,0.0825
95549,0.0775
95550,0.0775
95551,0.0775
95552,0.0725
95553,0.0775
95554,0.0775
95555,0.0775
95556,0.0775
95558,0.0775
95559,0.0775
95560,0.0775
95562,0.0875
95563,0.0725
95564,0.0775
95565,0.0775
95567,0.0825
95568,0.0725
95569,0.0775
95570,0.085
95571,0.0775
95573,0.0775
95585,0.07875
95587,0.07875
95589,0.07875
95595,0.0725
95601,0.0775
95602,0.075
95603,0.0725
95604,0.0725
95605,0.0825
95606,0.0725
95607,0.0725
95608,0.0775
95609,0.0775
95610,0.0775
95611,0.0775
95612,0.0825
95613,0.0725
95614,0.0725
95615,0.0775
95616,0.0825
95617,0.0825
95618,0.0825
95619,0.0725
95620,0.07375
95621,0.0775
95623,0.0725
95624,0.0875
95625,0.07375
95626,0.0775
95627,0.0725
95628,0.0775
95629,0.0775
95630,0.0775
95631,0.0725
95632,0.0925
95633,0.0725
95634,0.0725
95635,0.0725
95636,0.0725
95637,0.0725
95638,0.0775
95639,0.0775
95640,0.0775
95641,0.0875
95642,0.0775
95644,0.0775
95645,0.0775
95646,0.0725
95648,0.0725
95650,0.075
95651,0.0725
95652,0.0875
95653,0.0725
95654,0.0775
95655,0.0875
95656,0.0725
95658,0.0725
95659,0.0725
95660,0.0875
95661,0.0775
95662,0.0775
95663,0.0725
95664,0.0725
95665,0.0775
95666,0.0775
95667,0.0825
95668,0.0775
95669,0.0775
95670,0.0875
95671,0.0875
95672,0.0725
95673,0.0875
95674,0.0725
95675,0.0775
95676,0.0725
95677,0.0775
95678,0.0775
95679,0.0725
95680,0.0775
95681,0.0725
95682,0.0775
95683,0.0775
95684,0.0725
95685,0.0775
95686,0.0775
95687,0.08125
95688,0.08125
95689,0.0775
95690,0.0775
95691,0.0875
95692,0.0825
95693,0.0775
95694,0.07375
95695,0.08
95696,0.08125
95697,0.0725
95698,0.0725
95699,0.0775
95701,0.0725
95703,0.0725
95709,0.0725
95712,0.075
95713,0.0725
95714,0.0725
95715,0.0725
95717,0.0725
95720,0.0725
95721,0.0725
95722,0.0725
95724,0.075
95726,0.0725
95728,0.075
95735,0.0725
95736,0.0725
95741,0.0875
95742,0.0875
95746,0.0775
95747,0.0775
95757,0.0875
95758,0.0875
95759,0.0875
95762,0.0725
95763,0.0775
95765,0.0775
95776,0.08
95798,0.0825
95799,0.0825
95811,0.0875
95812,0.0875
95813,0.0875
95814,0.0875
95815,0.0875
95816,0.0875
95817,0.0875
95818,0.0875
95819,0.0875
95820,0.0875
95821,0.0875
95822,0.0875
95823,0.0875
95824,0.0875
95825,0.0875
95826,0.0875
95827,0.0875
95828,0.0875
95829,0.0875
95830,0.0775
95831,0.0875
95832,0.0875
95833,0.0875
95834,0.0875
95835,0.0875
95836,0.0725
95837,0.0775
95838,0.0875
95840,0.0875
95841,0.0875
95842,0.0775
95843,0.0775
95851,0.0875
95852,0.0875
95853,0.0875
95860,0.0775
95864,0.0875
95865,0.0775
95866,0.0775
95867,0.0875
95894,0.0875
95899,0.0875
95901,0.0825
95903,0.0825
95910,0.0725
95912,0.0775
95913,0.0725
95914,0.0825
95915,0.0725
95916,0.0725
95917,0.0725
95918,0.0825
95919,0.0825
95920,0.0725
95922,0.0825
95923,0.0725
95924,0.075
95925,0.0825
95926,0.0825
95927,0.0825
95928,0.0825
95929,0.0825
95930,0.0725
95932,0.0875
95934,0.0725
95935,0.0825
95936,0.0725
95937,0.0725
95938,0.0725
95939,0.0775
95940,0.0725
95941,0.0825
95942,0.0725
95943,0.0725
95944,0.0725
95945,0.085
95946,0.075
95947,0.0725
95948,0.0725
95949,0.085
95950,0.0775
95951,0.0725
95953,0.0725
95954,0.0775
95955,0.0775
95956,0.0725
95957,0.0775
95958,0.0725
95959,0.08375
95960,0.0825
95961,0.0825
95962,0.0825
95963,0.0775
95965,0.0825
95966,0.0825
95967,0.0775
95968,0.0725
95969,0.0775
95970,0.0775
95971,0.0725
95972,0.0825
95973,0.0825
95974,0.0725
95975,0.075
95976,0.0825
95977,0.0825
95978,0.0725
95979,0.0775
95980,0.0725
95981,0.0825
95982,0.0725
95983,0.0725
95984,0.0725
95986,0.075
95987,0.0825
95988,0.0775
95991,0.0725
95992,0.0725
95993,0.0725
96001,0.0725
96002,0.0725
96003,0.0725
96006,0.0725
96007,0.0775
96008,0.0725
96009,0.0725
96010,0.0725
96011,0.0725
96013,0.0725
96014,0.0725
96015,0.0725
96016,0.0725
96017,0.0725
96019,0.0725
96020,0.0725
96021,0.0775
96022,0.0725
96023,0.0725
96024,0.0725
96025,0.0775
96027,0.0725
96028,0.0725
96029,0.0725
96031,0.0725
96032,0.0725
96033,0.0725
96034,0.0725
96035,0.0725
96037,0.0725
96038,0.0725
96039,0.0725
96040,0.0725
96041,0.0725
96044,0.0725
96046,0.0725
96047,0.0725
96048,0.0725
96049,0.0725
96050,0.0725
96051,0.0725
96052,0.0725
96054,0.0725
96055,0.0725
96056,0.0725
96057,0.0725
96058,0.0725
96059,0.0725
96061,0.0725
96062,0.0725
96063,0.0725
96064,0.0775
96065,0.0725
96067,0.075
96068,0.0725
96069,0.0725
96070,0.0725
96071,0.0725
96073,0.0725
96074,0.0725
96075,0.0725
96076,0.0725
96078,0.0725
96079,0.0725
96080,0.075
96084,0.0725
96085,0.0725
96086,0.0725
96087,0.0725
96088,0.0725
96089,0.0725
96090,0.0725
96091,0.0725
96092,0.0725
96093,0.0725
96094,0.075
96095,0.0725
96096,0.0725
96097,0.0775
96099,0.0725
96101,0.0725
96103,0.0725
96104,0.0725
96105,0.0725
96106,0.0725
96107,0.0725
96108,0.0725
96109,0.0725
96110,0.0725
96111,0.075
96112,0.0725
96113,0.0725
96114,0.0725
96115,0.0725
96116,0.0725
96117,0.0825
96118,0.0725
96119,0.0725
96120,0.0725
96121,0.0725
96122,0.0725
96123,0.0725
96124,0.0725
96125,0.0725
96126,0.0725
96127,0.0725
96128,0.0725
96129,0.0725
96130,0.0825
96132,0.0725
96133,0.0725
96134,0.0725
96135,0.0725
96136,0.0725
96137,0.0725
96140,0.0725
96141,0.0725
96142,0.0725
96143,0.0725
96145,0.0725
96146,0.0725
96148,0.0725
96150,0.0875
96151,0.0875
96152,0.0875
96154,0.0875
96155,0.0725
96156,0.0725
96157,0.0725
96158,0.0875
96160,0.0825
96161,0.0825
96162,0.0825
97635,0.0725
